"",description
0,"(0.0, 0.0)"
1,"(0.0, 0.0)"
2,"(0.0, 0.0)"
3,"(0.19047619047619047, 0.4801587301587302)"
4,"(0.11790123456790125, 0.33514109347442683)"
5,"(0.0, 0.0)"
6,"(0.07516233766233767, 0.39312770562770566)"
7,"(0.2815656565656565, 0.8333333333333334)"
8,"(0.0482187950937951, 0.36302759740259744)"
9,"(0.17847222222222223, 0.40429292929292937)"
10,"(0.0, 0.0)"
11,"(0.0, 0.0)"
12,"(0.043787878787878785, 0.2943181818181818)"
13,"(0.15000000000000002, 0.25)"
14,"(0.05714285714285715, 0.3904761904761905)"
15,"(0.05714285714285715, 0.3904761904761905)"
16,"(0.0393939393939394, 0.40378787878787875)"
17,"(0.0, 0.0)"
18,"(0.1330473098330241, 0.38298933209647495)"
19,"(0.12554347826086956, 0.4728260869565217)"
20,"(0.11666666666666667, 0.44999999999999996)"
21,"(0.10178571428571428, 0.3892857142857143)"
22,"(0.0, 0.0)"
23,"(0.12769360269360272, 0.4166947250280583)"
24,"(0.1516156462585034, 0.37227891156462584)"
25,"(0.03839672232529375, 0.4710173160173161)"
26,"(0.12146792601338056, 0.44811097992916177)"
27,"(0.3484848484848485, 0.4878787878787879)"
28,"(0.28195592286501375, 0.6070247933884297)"
29,"(0.14911778296609757, 0.39497259918608235)"
30,"(0.08613636363636365, 0.3683333333333333)"
31,"(0.2218344155844156, 0.4045634920634921)"
32,"(0.21089568575364026, 0.5531951003541914)"
33,"(0.1321928071928072, 0.4415750915750915)"
34,"(0.30162037037037037, 0.38032407407407404)"
35,"(0.05, 0.6892857142857143)"
36,"(0.13606451258189226, 0.43155506703635055)"
37,"(0.25, 0.75)"
38,"(0.0, 0.0)"
39,"(0.25326086956521743, 0.508695652173913)"
40,"(0.21551530612244893, 0.45646938775510193)"
41,"(0.17825396825396825, 0.3538095238095238)"
42,"(0.09375, 0.41875)"
43,"(0.23750000000000002, 0.45)"
44,"(0.175, 0.45499999999999996)"
45,"(0.5, 0.5)"
46,"(0.08632154882154881, 0.2973063973063973)"
47,"(0.22724867724867723, 0.5701058201058201)"
48,"(0.10330578512396695, 0.4587465564738292)"
49,"(0.2357142857142857, 0.29047619047619044)"
50,"(0.12016321856438134, 0.46300714789086883)"
51,"(0.0, 1.0)"
52,"(0.24899267399267397, 0.6632783882783883)"
53,"(0.28020833333333334, 0.4145833333333333)"
54,"(0.14453333333333332, 0.5202666666666667)"
55,"(0.03333333333333333, 0.06666666666666667)"
56,"(0.12351461038961038, 0.36246482683982684)"
57,"(0.14687001594896334, 0.4024322169059011)"
58,"(0.10909090909090909, 0.424263894000736)"
59,"(0.22777777777777777, 0.5333333333333333)"
60,"(0.10363636363636364, 0.22366883116883116)"
61,"(-0.1488095238095238, 0.8091269841269842)"
62,"(0.1, 0.4)"
63,"(0.14307208994708995, 0.4109292328042328)"
64,"(0.0, 0.0)"
65,"(0.075, 0.3897058823529412)"
66,"(-0.039720656701788766, 0.42748100955648105)"
67,"(0.29444444444444445, 0.4277777777777778)"
68,"(0.16702947845804988, 0.44640589569161)"
69,"(0.0952954873409419, 0.36452512134330317)"
70,"(0.1849388111888112, 0.37533022533022536)"
71,"(0.22916666666666666, 0.6)"
72,"(0.125094696969697, 0.5967566287878788)"
73,"(0.18104395604395604, 0.37820512820512825)"
74,"(0.2295138888888889, 0.6013888888888889)"
75,"(-0.08088235294117647, 0.37843137254901965)"
76,"(0.22261904761904766, 0.5059523809523809)"
77,"(0.15000000000000002, 0.544047619047619)"
78,"(0.07851161995898841, 0.39368534973798136)"
79,"(0.11886423761423758, 0.399609187109187)"
80,"(0.13477282276546987, 0.41376725235548767)"
81,"(0.22653425006366185, 0.47154634581105165)"
82,"(0.15649104683195597, 0.40781156073363856)"
83,"(0.15666666666666668, 0.41500000000000004)"
84,"(0.12459207459207461, 0.32631118881118876)"
85,"(0.2839285714285714, 0.5434523809523809)"
86,"(0.21428571428571427, 0.6428571428571429)"
87,"(0.16217291967291972, 0.4691522366522366)"
88,"(0.25, 0.6875)"
89,"(0.1932692307692308, 0.3945512820512821)"
90,"(0.2, 0.6)"
91,"(0.24937996031746032, 0.6007440476190478)"
92,"(0.0455566534914361, 0.5114591567852437)"
93,"(0.06222222222222222, 0.32222222222222224)"
94,"(0.025000000000000005, 0.48750000000000004)"
95,"(0.030042328042328034, 0.45188400488400465)"
96,"(0.1, 0.15000000000000002)"
97,"(0.06395370166556608, 0.42216505246166247)"
98,"(0.22999999999999998, 0.6975)"
99,"(0.13791260822510823, 0.43242694805194803)"
100,"(0.13258840726373192, 0.409684038904818)"
101,"(0.052064028314028316, 0.5168790218790218)"
102,"(0.11604683195592286, 0.46828020464384096)"
103,"(0.14411971606824547, 0.3867500636618284)"
104,"(0.1205438546960286, 0.38841273219534084)"
105,"(0.1695833333333333, 0.4881089743589744)"
106,"(0.09812268341680098, 0.3716252157428626)"
107,"(0.17276334776334776, 0.425556586270872)"
108,"(0.05, 0.33249999999999996)"
109,"(0.3333333333333333, 0.6203703703703703)"
110,"(0.0, 0.5)"
111,"(0.1, 0.3)"
112,"(0.17857142857142858, 0.43214285714285716)"
113,"(0.30525244682853386, 0.4707803971390927)"
114,"(0.2227891156462585, 0.4215986394557823)"
115,"(0.0, 0.0)"
116,"(0.13197634885439763, 0.3458913525498891)"
117,"(0.15445341263098278, 0.4154418011894649)"
118,"(0.1254955121870883, 0.4381991106719369)"
119,"(0.2954289131920711, 0.568922305764411)"
120,"(0.09090909090909091, 0.3696969696969697)"
121,"(0.09574056895485465, 0.40004638218923944)"
122,"(0.1959693084693085, 0.4779817404817405)"
123,"(0.11232896567717995, 0.3595202664399095)"
124,"(0.02483904983904984, 0.440979575979576)"
125,"(0.07926611676611678, 0.3537366912366912)"
126,"(0.17446544092611505, 0.3903550382202068)"
127,"(0.0, 0.0)"
128,"(0.10833333333333334, 0.5175925925925926)"
129,"(0.09966315699366549, 0.4674307660324611)"
130,"(0.24727272727272726, 0.48424242424242425)"
131,"(0.10964397839397841, 0.3668294918294917)"
132,"(0.14079545454545447, 0.4843939393939393)"
133,"(0.2204761904761905, 0.45809523809523806)"
134,"(0.12770013055727347, 0.3845018209303925)"
135,"(0.23753705533596844, 0.4058300395256917)"
136,"(0.010606060606060603, 0.389481351981352)"
137,"(0.11351707005116096, 0.3372921585989767)"
138,"(0.15734029484029483, 0.3083538083538084)"
139,"(0.1605545805545805, 0.5016807066807067)"
140,"(0.29500000000000004, 0.45499999999999996)"
141,"(0.11495761183261183, 0.5856556637806638)"
142,"(0.16420454545454546, 0.49375)"
143,"(0.09545454545454546, 0.46439393939393947)"
144,"(0.09847402597402598, 0.3351911976911976)"
145,"(0.17210976864665392, 0.46907234159283345)"
146,"(0.19027777777777777, 0.4749999999999999)"
147,"(0.03657407407407407, 0.7231481481481481)"
148,"(0.19393939393939394, 0.4398674242424242)"
149,"(0.1561868686868687, 0.41275252525252526)"
150,"(1.0, 0.3)"
151,"(0.0, 0.5)"
152,"(-0.020422979797979798, 0.4095571095571096)"
153,"(1.0, 0.6)"
154,"(0.0625, 0.40994318181818185)"
155,"(0.20792748917748916, 0.5530370670995671)"
156,"(0.07561132561132564, 0.20938273438273436)"
157,"(0.14445259042033237, 0.3229576874738165)"
158,"(0.08075159489633173, 0.37962519936204153)"
159,"(0.07603174603174603, 0.33115079365079364)"
160,"(0.24574592074592078, 0.4952214452214452)"
161,"(0.12274962908765724, 0.4384082271406216)"
162,"(0.07754702194357366, 0.29354754440961334)"
163,"(0.09432171089779785, 0.35899680030114817)"
164,"(0.14537037037037037, 0.5628968253968254)"
165,"(0.17566738816738814, 0.555239898989899)"
166,"(0.11449502465127465, 0.4109983766233766)"
167,"(0.05887445887445887, 0.3825396825396825)"
168,"(0.05366826156299841, 0.29191729323308274)"
169,"(0.1621212121212121, 0.413039974210187)"
170,"(0.19336219336219343, 0.45646464646464646)"
171,"(0.16155440604593146, 0.385642747083425)"
172,"(-0.0606060606060606, 0.2857808857808858)"
173,"(0.11062409812409814, 0.4733585858585858)"
174,"(0.25424107142857144, 0.49174107142857143)"
175,"(0.07094930969930972, 0.3430885105885106)"
176,"(-0.00681818181818182, 0.5340909090909091)"
177,"(0.25, 0.3666666666666667)"
178,"(0.1251955034213099, 0.47529325513196485)"
179,"(0.08953403902034038, 0.3399921995812406)"
180,"(0.0, 0.0)"
181,"(0.1334127565982405, 0.44277946515849737)"
182,"(0.23753705533596844, 0.4058300395256917)"
183,"(0.1627326685660019, 0.4335021151687817)"
184,"(0.10195852534562212, 0.3581413210445468)"
185,"(0.21875, 0.5125)"
186,"(0.15666666666666665, 0.34833333333333333)"
187,"(0.20075108225108226, 0.4799718614718615)"
188,"(0.38333333333333336, 0.6055555555555556)"
189,"(0.2, 0.55)"
190,"(0.35, 0.33333333333333337)"
191,"(0.20331890331890332, 0.3845238095238095)"
192,"(0.20331890331890332, 0.3845238095238095)"
193,"(0.3333333333333333, 0.6203703703703703)"
194,"(0.1590909090909091, 0.35625)"
195,"(0.0, 0.0)"
196,"(0.22662815126050417, 0.5561157796451914)"
197,"(0.1254955121870883, 0.4381991106719369)"
198,"(0.11249999999999999, 0.44999999999999996)"
199,"(0.17224392838799624, 0.45248550884144095)"
200,"(0.16351095413595412, 0.4354832104832106)"
201,"(0.0, 0.0)"
202,"(0.146351867202931, 0.43037154728644084)"
203,"(0.11486868686868686, 0.5467474747474748)"
204,"(0.0, 0.0)"
205,"(0.35833333333333334, 0.5166666666666667)"
206,"(0.5333333333333333, 0.6666666666666667)"
207,"(0.028571428571428577, 0.38571428571428573)"
208,"(0.26607142857142857, 0.5005952380952382)"
209,"(0.11111111111111112, 0.4305555555555556)"
210,"(0.21651785714285715, 0.5739583333333335)"
211,"(0.17102597402597403, 0.3838095238095238)"
212,"(0.13819298980589304, 0.46013126658287945)"
213,"(0.16322510822510827, 0.5753391053391055)"
214,"(0.011840628507295173, 0.5480078563411899)"
215,"(0.1, 0.2)"
216,"(0.0, 0.0)"
217,"(0.24722222222222223, 0.6583333333333333)"
218,"(0.1784531664571987, 0.3976504678117581)"
219,"(0.11722537878787882, 0.47464663374819627)"
220,"(0.08973727422003283, 0.43284072249589495)"
221,"(0.12565151515151513, 0.40431060606060604)"
222,"(0.18747294372294376, 0.4395382395382396)"
223,"(0.125, 0.30833333333333335)"
224,"(0.15416666666666667, 0.4187689969604864)"
225,"(0.13437500000000002, 0.20401785714285714)"
226,"(0.041666666666666664, 0.06666666666666667)"
227,"(0.05, 0.10625000000000001)"
228,"(0.0975, 0.6482589285714286)"
229,"(0.2357142857142857, 0.6085839598997494)"
230,"(0.22267998517998525, 0.464052689052689)"
231,"(0.22524509803921575, 0.4302287581699346)"
232,"(0.11499999999999999, 0.54)"
233,"(0.04956140350877193, 0.38370927318295733)"
234,"(0.0633982683982684, 0.37331168831168826)"
235,"(0.06666666666666667, 0.23333333333333334)"
236,"(0.22749999999999998, 0.3775)"
237,"(0.2036866359447005, 0.40042242703533026)"
238,"(0.15313176406926401, 0.4597949735449735)"
239,"(0.19664589442815247, 0.5315738025415444)"
240,"(0.19158834586466164, 0.4956766917293233)"
241,"(0.045604395604395616, 0.5009157509157509)"
242,"(0.0, 0.0)"
243,"(0.13477891156462588, 0.4182823129251701)"
244,"(0.10289918414918411, 0.47918123543123553)"
245,"(0.10543831168831168, 0.3409052257266542)"
246,"(0.021180555555555553, 0.4236111111111111)"
247,"(0.08912337662337662, 0.3941017316017317)"
248,"(-0.009999999999999998, 0.33999999999999997)"
249,"(0.25, 0.25)"
250,"(0.2009331116038433, 0.48212305986696236)"
251,"(-0.03125, 0.46875)"
252,"(0.135, 0.425)"
253,"(0.325, 0.41666666666666663)"
254,"(0.17346938775510207, 0.7168367346938774)"
255,"(-0.25, 0.6285714285714286)"
256,"(0.12, 0.32166666666666666)"
257,"(0.3167951828986985, 0.6402641802641803)"
258,"(0.2017857142857143, 0.4510204081632653)"
259,"(0.22258827110389612, 0.4578348214285714)"
260,"(0.3333333333333333, 0.5166666666666667)"
261,"(0.19898504273504275, 0.44382122507122507)"
262,"(0.009999999999999986, 0.54)"
263,"(0.11774844720496895, 0.472675983436853)"
264,"(0.13703703703703704, 0.4111111111111112)"
265,"(0.21929392446633827, 0.517200328407225)"
266,"(0.25, 0.5833333333333334)"
267,"(0.002884615384615385, 0.3817307692307692)"
268,"(0.14454288345172323, 0.4469094855420821)"
269,"(0.225, 0.5166666666666667)"
270,"(-0.0532900432900433, 0.3548268398268398)"
271,"(0.25706140350877194, 0.561359649122807)"
272,"(0.0, 0.1)"
273,"(0.4666666666666667, 0.6666666666666667)"
274,"(0.06893939393939394, 0.655)"
275,"(0.0, 0.0)"
276,"(0.10123782467532468, 0.31290584415584416)"
277,"(0.2666666666666667, 0.5833333333333334)"
278,"(0.0, 0.0)"
279,"(0.0, 0.027777777777777776)"
280,"(-0.09749999999999998, 0.48749999999999993)"
281,"(0.2279973649538867, 0.39835309617918313)"
282,"(0.5083333333333334, 0.6464285714285715)"
283,"(0.024933155080213897, 0.5447351667939904)"
284,"(0.07812925170068026, 0.46853741496598633)"
285,"(0.0, 0.0)"
286,"(0.221744227994228, 0.4195616883116884)"
287,"(0.24916666666666668, 0.3316666666666667)"
288,"(0.31875, 0.4875)"
289,"(0.0, 0.0)"
290,"(0.033122440622440616, 0.38350122850122853)"
291,"(0.18119466554950428, 0.65260298840944)"
292,"(0.09444444444444444, 0.55)"
293,"(0.37142857142857144, 0.7142857142857142)"
294,"(0.07348484848484849, 0.47233333333333327)"
295,"(0.3111111111111111, 0.4444444444444445)"
296,"(0.06385595081247256, 0.24850419306941043)"
297,"(0.255, 0.4)"
298,"(0.13090909090909092, 0.5108080808080808)"
299,"(-0.003508771929824549, 0.19824561403508775)"
300,"(0.13238095238095238, 0.5303571428571429)"
301,"(0.0, 0.35)"
302,"(0.32, 0.4)"
303,"(0.3328231292517007, 0.5341836734693878)"
304,"(0.15325311942959, 0.36666666666666664)"
305,"(0.05473484848484849, 0.5051136363636364)"
306,"(0.375, 0.375)"
307,"(0.2556547619047619, 0.5788690476190477)"
308,"(0.13535353535353536, 0.42849326599326587)"
309,"(0.2638888888888889, 0.4305555555555556)"
310,"(0.1767857142857143, 0.26972789115646256)"
311,"(0.16428571428571428, 0.421875)"
312,"(0.15, 0.3014705882352942)"
313,"(0.11249999999999999, 0.3333333333333333)"
314,"(0.12440476190476189, 0.4523809523809524)"
315,"(0.2669990723562153, 0.540321583178726)"
316,"(0.0741071428571429, 0.5510714285714285)"
317,"(0.11224482924482926, 0.47165560365560366)"
318,"(0.08212898212898215, 0.4451714951714952)"
319,"(0.09751910202729876, 0.450594942398221)"
320,"(0.25, 0.27777777777777773)"
321,"(0.14098389355742297, 0.4552871148459384)"
322,"(0.10602678571428571, 0.4171875)"
323,"(0.007284382284382278, 0.46817016317016324)"
324,"(-0.013030303030303045, 0.20462121212121215)"
325,"(0.23157142857142854, 0.43614285714285717)"
326,"(0.25833333333333336, 0.38333333333333336)"
327,"(0.21292452830188674, 0.45511230907457306)"
328,"(0.17058823529411768, 0.4602941176470589)"
329,"(0.04545454545454545, 0.19913419913419914)"
330,"(0.03333333333333333, 0.06666666666666667)"
331,"(0.0, 0.0)"
332,"(0.4, 0.8)"
333,"(0.29000000000000004, 0.41000000000000003)"
334,"(0.16831472620946306, 0.46100244784455313)"
335,"(-0.09999999999999999, 0.5285714285714286)"
336,"(0.1099663299663299, 0.43736037624926516)"
337,"(0.09453125000000001, 0.253125)"
338,"(0.11073089168327264, 0.3853949401568449)"
339,"(0.20421392312511547, 0.5161326681448634)"
340,"(0.4175, 0.675)"
341,"(0.06201665566072345, 0.5008158508158508)"
342,"(0.15522186147186148, 0.4283279220779221)"
343,"(0.019047619047619053, 0.39999999999999997)"
344,"(0.2677083333333333, 0.4035087719298246)"
345,"(0.06308080808080808, 0.3993434343434344)"
346,"(0.14691761363636363, 0.4077462121212122)"
347,"(0.3587012987012987, 0.6182467532467532)"
348,"(0.11666666666666667, 0.4464285714285715)"
349,"(0.16380742913000979, 0.5111681329423265)"
350,"(0.0, 0.0)"
351,"(0.17581205311542392, 0.522811420788949)"
352,"(0.21250000000000002, 0.48333333333333334)"
353,"(0.12954545454545455, 0.3255681818181818)"
354,"(0.2896103896103896, 0.4779220779220779)"
355,"(0.1015873015873016, 0.4920634920634921)"
356,"(0.07719494047619048, 0.46884920634920635)"
357,"(0.18333333333333332, 0.39098639455782314)"
358,"(0.12970238095238096, 0.4303690476190477)"
359,"(0.0, 0.0)"
360,"(0.13963317384370014, 0.4169059011164274)"
361,"(0.0, 0.1)"
362,"(0.22652645861601084, 0.50237734901914)"
363,"(0.0, 0.0)"
364,"(0.15454545454545457, 0.45681818181818185)"
365,"(0.03333333333333333, 0.15555555555555556)"
366,"(0.04617376294591483, 0.48710522951029267)"
367,"(-0.05747694334650857, 0.5233860342555995)"
368,"(0.13576555023923442, 0.3876395534290271)"
369,"(0.08333333333333334, 0.30393772893772897)"
370,"(0.2919191919191919, 0.39023569023569027)"
371,"(0.06057142857142856, 0.5431428571428571)"
372,"(0.12441188197767143, 0.44300239234449773)"
373,"(0.02385454545454545, 0.4511151515151516)"
374,"(0.10530303030303029, 0.2805860805860806)"
375,"(0.3375, 0.54)"
376,"(0.17229922854922858, 0.4884435009435008)"
377,"(0.010416666666666664, 0.30208333333333337)"
378,"(0.0, 0.0)"
379,"(0.19292929292929292, 0.38383838383838387)"
380,"(0.0704064454064454, 0.3790223665223665)"
381,"(-0.4, 0.4)"
382,"(0.1597826086956522, 0.43985507246376804)"
383,"(0.14447132573065413, 0.4565446576640606)"
384,"(-0.041650432900432896, 0.5664880952380952)"
385,"(0.12996894409937887, 0.31537267080745346)"
386,"(0.12274011299435028, 0.4854519774011301)"
387,"(0.10314814814814816, 0.5157407407407407)"
388,"(0.23664992952783653, 0.555822762508809)"
389,"(0.10563275613275615, 0.387072039072039)"
390,"(0.07500000000000001, 0.3)"
391,"(0.0, 0.16666666666666666)"
392,"(0.0, 0.16666666666666666)"
393,"(1.0, 0.3)"
394,"(0.13149250440917112, 0.42528659611992947)"
395,"(0.0, 0.06666666666666667)"
396,"(0.1, 0.4)"
397,"(0.14287101787101789, 0.46068376068376066)"
398,"(0.11666666666666668, 0.47424242424242424)"
399,"(0.13571428571428573, 0.48928571428571427)"
400,"(0.08194444444444444, 0.3763888888888889)"
401,"(-0.16666666666666666, 0.06666666666666667)"
402,"(0.04814814814814815, 0.43796296296296294)"
403,"(0.1824603174603175, 0.388083028083028)"
404,"(0.15477272727272726, 0.39197658402203855)"
405,"(0.2843033509700177, 0.44047619047619047)"
406,"(0.16973792989417988, 0.4402281746031746)"
407,"(0.10609893578643578, 0.44251273899711396)"
408,"(0.21164772727272727, 0.38413825757575754)"
409,"(0.2060780885780886, 0.4726931401931401)"
410,"(0.25, 0.25)"
411,"(0.26363636363636367, 0.3977272727272727)"
412,"(0.18492902446390816, 0.3850976542837008)"
413,"(0.12601817042606517, 0.29093045112781946)"
414,"(0.2833333333333333, 0.4166666666666667)"
415,"(0.1387626262626263, 0.42500801667468335)"
416,"(0.179503367003367, 0.30990860990860986)"
417,"(0.21151315789473682, 0.4175438596491228)"
418,"(0.10575757575757576, 0.4464935064935066)"
419,"(0.20833333333333331, 0.4341666666666667)"
420,"(0.14772727272727273, 0.20075757575757577)"
421,"(0.1353133608815427, 0.3757649547422275)"
422,"(0.16586383313656042, 0.44140253685708225)"
423,"(0.12050000000000001, 0.24116666666666667)"
424,"(0.19603174603174606, 0.5317460317460317)"
425,"(-0.05, 0.4)"
426,"(0.2033333333333333, 0.4766666666666667)"
427,"(0.23367003367003372, 0.39865319865319865)"
428,"(0.52, 0.5)"
429,"(0.13747877939054412, 0.4508477633477632)"
430,"(0.17186147186147188, 0.13636363636363638)"
431,"(0.19749999999999998, 0.6)"
432,"(0.1021424062049062, 0.41800685425685435)"
433,"(0.19729437229437227, 0.2999098124098124)"
434,"(0.11710437710437709, 0.29343434343434344)"
435,"(0.11224482924482926, 0.47165560365560366)"
436,"(0.19999999999999998, 0.48901098901098905)"
437,"(0.2107142857142857, 0.5607142857142857)"
438,"(0.28169642857142857, 0.4628968253968254)"
439,"(0.21647186147186145, 0.6129220779220781)"
440,"(0.0, 0.0)"
441,"(0.06201665566072345, 0.5008158508158508)"
442,"(0.2206228956228956, 0.3569023569023569)"
443,"(0.352797619047619, 0.5652380952380953)"
444,"(0.1607830232830233, 0.5081425331425332)"
445,"(0.06201665566072345, 0.5008158508158508)"
446,"(0.024999999999999994, 0.35)"
447,"(0.13735546232459822, 0.4718011389616329)"
448,"(0.0, 1.0)"
449,"(0.10208333333333333, 0.44375)"
450,"(0.1994642857142857, 0.3721428571428571)"
451,"(0.18075757575757573, 0.5553030303030302)"
452,"(0.20626529267833615, 0.412807120415816)"
453,"(0.006434183100849765, 0.39151194484527824)"
454,"(0.0, 0.0)"
455,"(0.01131313131313132, 0.4197474747474748)"
456,"(0.17456416011971568, 0.45930041152263373)"
457,"(0.14985795454545453, 0.3693181818181818)"
458,"(0.03844696969696971, 0.4285037878787879)"
459,"(0.23575937950937956, 0.45135281385281373)"
460,"(0.18112155388471177, 0.4168734335839599)"
461,"(0.4227272727272728, 0.5233766233766234)"
462,"(0.1111111111111111, 0.34444444444444444)"
463,"(0.27632575757575756, 0.4390151515151515)"
464,"(0.19935897435897437, 0.3583333333333334)"
465,"(-0.0031249999999999993, 0.371875)"
466,"(0.2216827364554637, 0.5589039748130658)"
467,"(0.19, 0.4696491228070176)"
468,"(0.0, 0.275)"
469,"(-0.16666666666666666, 0.3333333333333333)"
470,"(0.03939393939393939, 0.4257575757575758)"
471,"(0.10696505875077303, 0.30044063079777367)"
472,"(0.0, 0.0)"
473,"(0.19387875717662953, 0.45807159743329956)"
474,"(0.15666666666666668, 0.38833333333333336)"
475,"(0.1694805194805195, 0.3476190476190476)"
476,"(0.375, 0.7)"
477,"(-0.011824769433465086, 0.45563241106719365)"
478,"(0.22027777777777777, 0.4883333333333334)"
479,"(0.12222222222222223, 0.2714285714285714)"
480,"(0.13473484848484849, 0.458560606060606)"
481,"(0.29724310776942353, 0.5731620718462824)"
482,"(0.13111111111111112, 0.3799999999999999)"
483,"(0.12250000000000001, 0.37)"
484,"(0.16340812461348175, 0.4901546072974644)"
485,"(0.0880952380952381, 0.4802380952380953)"
486,"(0.51875, 0.36250000000000004)"
487,"(0.16144972451790632, 0.49018595041322316)"
488,"(0.215, 0.46749999999999997)"
489,"(-0.019166666666666665, 0.4408333333333333)"
490,"(0.07367424242424242, 0.3568870523415978)"
491,"(0.1494175521448249, 0.470418142463597)"
492,"(0.0, 0.0)"
493,"(0.35430194805194803, 0.5920841063698207)"
494,"(0.3246031746031746, 0.43253968253968256)"
495,"(0.05693483429139165, 0.4880393513590238)"
496,"(0.1511196712891628, 0.4216552938586835)"
497,"(0.21005555555555555, 0.4755)"
498,"(0.06600962957497049, 0.4085615352660806)"
499,"(0.1875, 0.4)"
500,"(0.0027777777777777866, 0.3673611111111111)"
501,"(0.14155844155844155, 0.33528138528138524)"
502,"(0.0625, 0.4375)"
503,"(0.0967948717948718, 0.3679487179487179)"
504,"(0.1664968652037618, 0.4286964472309299)"
505,"(0.14130076272933417, 0.3966450216450217)"
506,"(0.0666089466089466, 0.3909054834054835)"
507,"(0.09993352368352368, 0.4440232065232067)"
508,"(0.017282851557045106, 0.36712051389470746)"
509,"(0.2282476685834895, 0.4369181150524433)"
510,"(-0.09255189255189257, 0.5066544566544566)"
511,"(0.10500000000000001, 0.445)"
512,"(0.14227820790320791, 0.40765415140415134)"
513,"(0.08809523809523813, 0.4720238095238095)"
514,"(0.14687500000000003, 0.33854166666666663)"
515,"(0.008654651491278332, 0.6094410491469314)"
516,"(0.108012987012987, 0.42576190476190484)"
517,"(0.09372710622710621, 0.46185897435897433)"
518,"(0.13485630110630112, 0.380753367003367)"
519,"(0.12954545454545452, 0.46818181818181814)"
520,"(0.2879464285714286, 0.5950892857142858)"
521,"(0.17909090909090908, 0.4225252525252525)"
522,"(0.17909090909090908, 0.4225252525252525)"
523,"(0.14307692307692305, 0.5723076923076923)"
524,"(0.1997578053259872, 0.5432996632996633)"
525,"(0.019847619047619048, 0.3633619047619047)"
526,"(0.09001694577352473, 0.4178379186602869)"
527,"(0.10517857142857143, 0.45255952380952386)"
528,"(0.23981301106301117, 0.5087678606796251)"
529,"(0.11111111111111112, 0.4416666666666667)"
530,"(-0.008333333333333331, 0.3064814814814815)"
531,"(0.13636363636363635, 0.45454545454545453)"
532,"(0.20625000000000002, 0.4791666666666667)"
533,"(0.025, 0.165)"
534,"(0.20763888888888885, 0.4854166666666666)"
535,"(0.12683620323129255, 0.4740433673469388)"
536,"(0.0, 0.07142857142857142)"
537,"(0.09800084175084173, 0.5010521885521886)"
538,"(0.26794871794871794, 0.44487179487179485)"
539,"(0.2364495798319328, 0.4997899159663865)"
540,"(0.18714502164502164, 0.39316883116883117)"
541,"(0.19271760154738876, 0.47242700561849493)"
542,"(0.17272727272727273, 0.37989510489510486)"
543,"(0.04110881542699725, 0.3629889807162534)"
544,"(-0.05009469696969698, 0.44933712121212127)"
545,"(0.07962962962962963, 0.4470899470899471)"
546,"(0.12360628548940236, 0.42756802721088427)"
547,"(0.2316666666666667, 0.4220833333333333)"
548,"(0.24000000000000005, 0.68)"
549,"(0.13683773216031275, 0.3894109295722201)"
550,"(0.17721861471861475, 0.4189393939393939)"
551,"(0.21117875180375184, 0.4031024531024532)"
552,"(0.12477272727272726, 0.2060839160839161)"
553,"(0.08765527950310557, 0.42929606625258787)"
554,"(0.0, 0.0)"
555,"(0.1604895104895105, 0.31848151848151846)"
556,"(0.03333333333333333, 0.3189588189588189)"
557,"(0.3, 0.5224489795918368)"
558,"(0.2411355619688953, 0.5190075356742023)"
559,"(0.00923477564102564, 0.4060897435897436)"
560,"(0.2669191919191919, 0.4774621212121212)"
561,"(0.17751523168189837, 0.3882415424082091)"
562,"(0.12165071770334931, 0.4212041467304626)"
563,"(-0.15, 0.55)"
564,"(0.15503108003108002, 0.3706265956265957)"
565,"(0.07539356862273526, 0.40834764772264764)"
566,"(0.35, 0.5)"
567,"(0.12780800388337157, 0.46756875477463716)"
568,"(0.10404761904761903, 0.5546428571428572)"
569,"(0.007804546934185596, 0.4237215909090909)"
570,"(0.15625, 0.3416666666666667)"
571,"(0.06607142857142857, 0.39345238095238094)"
572,"(0.1645583190394511, 0.4538736420811892)"
573,"(0.04262820512820512, 0.513415750915751)"
574,"(0.0898892773892774, 0.3855779637029639)"
575,"(0.12115384615384615, 0.36730769230769234)"
576,"(0.22326773835920175, 0.40936807095343675)"
577,"(0.0, 0.0)"
578,"(0.2241883116883117, 0.631926406926407)"
579,"(0.17881097560975606, 0.4920441347270615)"
580,"(0.06075996810207336, 0.5392982456140348)"
581,"(0.20136054421768707, 0.42962585034013606)"
582,"(0.09189294953014462, 0.3848715376764158)"
583,"(0.22822580645161294, 0.4959677419354839)"
584,"(0.10018187830687829, 0.41388888888888886)"
585,"(0.14321428571428574, 0.4970833333333333)"
586,"(0.16601966873706006, 0.49402173913043473)"
587,"(0.09579667644183772, 0.3545717723137078)"
588,"(0.09092260818164433, 0.44112049931327024)"
589,"(0.036538461538461534, 0.35595238095238096)"
590,"(0.13993181202074734, 0.41358317393201105)"
591,"(0.1544602272727273, 0.3446875)"
592,"(0.356060606060606, 0.3924242424242424)"
593,"(0.10722477943996933, 0.4289758342922898)"
594,"(-0.041666666666666664, 0.625)"
595,"(0.18888888888888888, 0.37777777777777777)"
596,"(0.225, 0.466)"
597,"(0.06977783974716492, 0.4475215786258726)"
598,"(0.09088203463203463, 0.46440553494124925)"
599,"(0.11932870370370373, 0.45787037037037037)"
600,"(0.20718816067653278, 0.42415433403805486)"
601,"(0.031385281385281384, 0.41731601731601736)"
602,"(0.2045064935064935, 0.5061168831168832)"
603,"(0.26512345679012345, 0.4530864197530864)"
604,"(0.28125, 0.4107142857142857)"
605,"(0.0, 0.0)"
606,"(0.05707070707070708, 0.3594949494949494)"
607,"(0.15291479353979356, 0.35617979242979236)"
608,"(0.5, 0.5)"
609,"(0.1, 0.255)"
610,"(0.19209956709956708, 0.37408243929983065)"
611,"(0.43333333333333335, 0.8333333333333334)"
612,"(0.0, 0.0)"
613,"(0.07825159914712154, 0.4727434257285003)"
614,"(0.05897435897435897, 0.40448717948717944)"
615,"(0.055555555555555566, 0.5074074074074074)"
616,"(0.0, 0.0)"
617,"(0.18154761904761904, 0.4613095238095238)"
618,"(0.05416666666666666, 0.1595238095238095)"
619,"(0.08395384768740033, 0.34396929824561406)"
620,"(0.2841836734693878, 0.4596938775510204)"
621,"(0.14558823529411766, 0.5537581699346406)"
622,"(0.18205128205128204, 0.47948717948717945)"
623,"(0.24, 0.45999999999999996)"
624,"(0.10269789734075448, 0.3992931354359926)"
625,"(0.2257575757575758, 0.49242424242424243)"
626,"(0.09875366568914956, 0.3517595307917888)"
627,"(0.0, 0.0)"
628,"(0.1836734693877551, 0.41193877551020414)"
629,"(0.0, 0.0)"
630,"(0.2781382001836547, 0.5204269972451792)"
631,"(0.0, 0.0)"
632,"(0.06753555967841682, 0.39125850340136054)"
633,"(0.0, 0.0)"
634,"(0.19125, 0.4895833333333332)"
635,"(0.0, 0.0)"
